"","Sequence","Tot_T","Tot_V","T_1","T_2","C_T1","C_T2","V_1","V_2","V_3","V_4","V_5","V_6","C_V1","C_V2","C_V3","C_V4","C_V5","C_V6"
"1",0,26,36,23,3,0.884615384615385,0.115384615384615,4,23,6,1,2,0,0.111111111111111,0.638888888888889,0.166666666666667,0.0277777777777778,0.0555555555555556,0
